career_aspiration,math_score,history_score,physics_score,chemistry_score,biology_score,english_score,geography_score
Lawyer,73,81,93,97,63,80,87
Doctor,90,86,96,100,90,88,90
Government Officer,81,97,95,96,65,77,94
Artist,71,74,88,80,89,63,86
Software Engineer,99,96,97,73,88,76,64
Software Engineer,95,95,82,63,84,70,85
Teacher,98,69,88,71,67,71,73
Teacher,65,60,97,94,71,81,66
Doctor,96,90,86,92,92,95,87
Scientist,92,64,93,91,80,89,72
Software Engineer,86,83,85,79,93,76,77
Doctor,92,87,92,99,97,87,86
Software Engineer,99,65,98,75,66,72,100
Software Engineer,100,90,72,98,73,97,72
Software Engineer,87,91,90,88,95,88,93
Doctor,92,86,87,81,93,90,99
Banker,100,77,80,94,63,90,90
Writer,64,75,93,79,81,96,85
Accountant,79,65,99,71,76,77,83
Accountant,82,100,61,97,30,74,73
Software Engineer,88,69,87,100,88,85,72
Designer,70,68,92,74,82,85,72
Accountant,77,96,98,89,85,62,62
Banker,99,84,84,78,78,77,68
Construction Engineer,99,94,87,71,89,91,96
Construction Engineer,92,100,85,89,81,91,88
Banker,77,64,64,88,94,82,78
Accountant,92,60,66,87,60,83,95
Software Engineer,85,97,64,90,79,81,81
Game Developer,97,99,85,96,91,68,66
Lawyer,71,85,93,68,100,91,87
Stock Investor,81,98,74,70,97,65,65
Accountant,100,89,90,93,30,83,74
Stock Investor,76,72,96,65,89,87,94
Lawyer,99,81,73,70,85,86,61
Banker,90,96,86,61,89,98,68
Game Developer,85,100,92,68,60,77,83
Software Engineer,91,60,84,88,76,71,99
Banker,94,78,73,97,67,78,99
Software Engineer,94,89,64,96,91,95,77
Software Engineer,89,99,90,79,85,96,98
Game Developer,91,81,88,71,78,83,76
Lawyer,83,86,61,99,99,88,73
Banker,83,97,65,88,67,95,69
Construction Engineer,91,73,99,70,63,80,78
Software Engineer,92,86,66,69,100,71,80
Real Estate Developer,64,64,73,76,72,97,91
Software Engineer,90,70,85,60,81,71,88
Banker,99,81,96,69,91,87,83
Designer,89,66,93,81,86,88,70
Writer,62,87,93,83,93,97,73
Software Engineer,85,100,64,68,73,81,87
Software Engineer,99,90,96,92,100,98,77
Software Engineer,87,63,60,90,89,99,80
Software Engineer,87,79,89,68,93,75,92
Stock Investor,76,67,83,85,91,61,67
Government Officer,60,80,61,63,95,92,75
Scientist,85,65,99,100,88,93,72
Software Engineer,85,71,69,80,70,77,66
Government Officer,91,76,71,72,92,67,90
Software Engineer,99,95,83,89,81,63,70
Stock Investor,93,96,68,87,69,89,100
Software Engineer,89,75,60,80,62,85,73
Accountant,95,78,95,73,32,65,68
Government Officer,68,82,95,63,62,98,93
Software Engineer,98,73,73,77,87,98,83
Stock Investor,79,92,79,76,84,67,86
Software Engineer,100,98,89,85,81,64,94
Artist,86,76,84,93,76,69,91
Real Estate Developer,87,89,93,98,79,72,88
Lawyer,100,93,85,61,96,83,86
Game Developer,85,89,94,69,99,93,98
Artist,87,73,98,91,79,60,77
Software Engineer,96,80,100,61,81,98,65
Writer,76,87,64,74,73,90,99
Artist,90,80,63,94,64,70,79
Real Estate Developer,98,97,62,89,62,95,77
Accountant,91,80,97,89,94,95,84
Scientist,86,81,83,81,81,77,86
Accountant,78,69,82,60,64,77,82
Stock Investor,76,89,89,83,89,90,64
Banker,92,75,65,97,61,76,81
Software Engineer,93,73,94,65,60,63,93
Teacher,66,90,83,80,76,90,91
Doctor,98,92,91,99,97,88,75
Doctor,94,94,94,89,85,86,85
Doctor,96,100,96,91,91,96,89
Game Developer,89,67,86,87,87,68,78
Accountant,96,67,80,83,86,77,75
Stock Investor,96,73,90,85,63,84,87
Banker,95,82,66,63,67,92,69
Software Engineer,90,63,69,80,99,69,79
Designer,87,62,87,96,85,90,74
Designer,62,83,84,75,83,85,86
Banker,85,65,60,78,81,96,76
Banker,79,97,76,67,61,90,95
Software Engineer,90,94,98,96,68,82,81
Doctor,97,71,82,80,97,93,78
Software Engineer,88,69,87,81,77,67,93
Artist,71,85,77,89,98,63,100
Lawyer,70,99,79,96,60,97,100
Software Engineer,93,68,76,99,80,80,75
Game Developer,92,79,81,61,86,72,88
Real Estate Developer,83,72,68,94,100,98,92
Lawyer,92,90,65,79,96,87,74
Real Estate Developer,78,67,82,70,65,68,81
Software Engineer,89,73,85,84,73,81,98
Construction Engineer,96,66,92,88,65,76,72
Construction Engineer,86,88,99,79,93,97,91
Doctor,86,100,100,96,95,97,93
Teacher,88,72,96,60,90,80,88
Game Developer,92,81,99,98,77,80,73
Software Engineer,100,62,67,97,73,84,99
Lawyer,91,98,76,99,65,98,71
Stock Investor,81,87,65,85,74,64,81
Accountant,82,66,89,76,68,83,79
Lawyer,100,96,75,68,77,97,81
Accountant,97,92,95,75,95,90,83
Banker,76,94,77,88,85,91,61
Software Engineer,91,99,94,94,95,98,89
Construction Engineer,85,73,89,73,97,66,79
Lawyer,73,99,75,70,100,86,62
Software Engineer,92,84,85,77,81,69,95
Artist,69,78,69,70,100,88,85
Real Estate Developer,78,99,64,99,65,84,80
Scientist,95,79,98,95,89,99,87
Game Developer,99,82,93,83,92,90,60
Software Engineer,96,66,79,80,88,61,85
Game Developer,85,90,85,74,96,71,80
Stock Investor,91,94,82,100,68,66,69
Scientist,85,64,93,80,82,70,94
Stock Investor,94,73,61,68,65,85,67
Software Engineer,95,69,62,87,84,83,64
Teacher,69,90,83,70,83,91,67
Software Engineer,95,72,94,96,91,61,94
Lawyer,94,88,65,88,60,81,78
Accountant,82,81,100,81,60,79,96
Software Engineer,99,73,91,91,93,80,100
Accountant,85,62,84,80,37,80,71
Accountant,100,87,60,92,46,67,96
Artist,98,95,90,81,82,86,98
Software Engineer,97,78,81,67,90,95,79
Accountant,99,73,77,74,62,68,99
Banker,75,83,70,71,86,95,76
Teacher,63,80,99,78,60,84,86
Doctor,96,88,90,100,94,87,96
Construction Engineer,91,73,86,73,84,60,71
Doctor,99,71,80,82,95,64,64
Banker,84,62,92,74,73,98,91
Artist,100,90,82,79,94,83,78
Banker,82,71,93,90,90,76,97
Banker,75,88,65,80,76,94,97
Banker,99,88,72,76,68,92,72
Real Estate Developer,99,76,94,88,75,66,84
Software Engineer,95,87,79,95,84,90,74
Software Engineer,99,61,75,68,66,90,99
Designer,65,72,96,69,78,93,72
Software Engineer,91,78,72,69,77,91,96
Real Estate Developer,92,95,61,98,89,85,80
Software Engineer,87,91,98,94,100,87,89
Software Engineer,97,88,87,61,86,92,94
Government Officer,97,92,79,88,92,99,85
Designer,98,88,92,84,90,90,71
Software Engineer,96,67,88,95,82,75,84
Lawyer,87,82,95,81,85,84,73
Construction Engineer,96,80,86,94,63,72,75
Software Engineer,100,72,99,64,70,93,67
Software Engineer,91,81,91,76,100,92,87
Banker,75,95,84,87,78,82,86
Banker,86,78,61,71,94,92,65
Accountant,94,62,97,96,74,68,69
Accountant,99,64,92,78,30,78,88
Government Officer,84,91,94,66,78,71,93
Stock Investor,92,81,68,96,99,92,79
Software Engineer,95,84,95,72,62,80,83
Lawyer,90,88,94,99,92,87,97
Artist,93,100,87,66,85,96,87
Designer,69,63,88,73,83,74,94
Game Developer,97,80,80,65,91,67,84
Accountant,76,72,80,92,41,90,78
Software Engineer,91,87,89,97,93,87,100
Accountant,82,95,92,62,73,75,93
Construction Engineer,89,65,82,65,76,95,62
Software Engineer,86,91,92,96,90,96,90
Artist,76,93,65,95,76,88,88
Lawyer,91,96,77,76,80,97,80
Banker,100,86,74,96,80,99,76
Doctor,96,68,87,96,91,68,65
Banker,94,64,100,71,84,92,99
Software Engineer,98,68,80,75,80,81,60
Lawyer,90,89,82,74,67,92,82
Software Engineer,100,92,90,66,73,68,70
Lawyer,76,81,96,74,75,80,98
Designer,71,98,96,60,90,79,72
Banker,95,60,87,71,91,84,98
Software Engineer,92,88,76,93,69,75,97
Scientist,82,95,96,100,89,64,91
Lawyer,85,94,83,76,77,81,92
Artist,82,85,75,92,76,95,85
Stock Investor,98,77,94,63,69,88,100
Doctor,93,96,94,84,91,67,68
Lawyer,84,97,60,100,83,88,94
Software Engineer,92,70,60,94,87,90,86
Teacher,64,93,61,61,74,94,64
Game Developer,89,67,97,67,75,94,93
Accountant,99,88,84,87,36,96,86
Banker,95,82,93,99,66,93,86
Designer,72,92,67,100,70,94,81
Government Officer,68,89,68,90,68,99,74
Accountant,92,69,78,68,70,80,73
Game Developer,97,74,97,60,65,90,97
Software Engineer,88,60,81,85,87,90,76
Stock Investor,76,82,70,72,78,60,81
Banker,77,62,97,82,74,98,95
Accountant,89,81,99,71,67,74,89
Government Officer,65,69,66,65,90,76,60
Banker,77,60,61,91,62,78,91
Teacher,66,70,88,70,62,70,75
Doctor,90,96,100,87,100,90,89
Real Estate Developer,73,87,90,96,61,61,76
Software Engineer,89,64,74,97,95,77,88
Scientist,87,90,89,88,93,87,70
Scientist,75,98,96,85,81,69,90
Teacher,80,85,98,99,92,70,96
Software Engineer,92,93,74,76,79,65,74
Game Developer,99,99,87,80,89,78,87
Software Engineer,87,84,62,76,89,83,93
Software Engineer,90,75,71,64,97,89,88
Doctor,94,83,99,100,94,91,69
Lawyer,74,92,81,79,74,85,86
Writer,96,91,96,69,70,99,70
Government Officer,79,77,62,98,76,99,82
Lawyer,70,88,60,68,66,82,60
Software Engineer,91,65,86,66,88,85,60
Designer,90,72,78,61,78,88,74
Construction Engineer,87,100,86,60,80,78,96
Teacher,69,99,78,85,98,86,73
Government Officer,65,95,78,65,74,69,63
Government Officer,83,81,88,82,97,83,74
Lawyer,100,89,95,63,67,92,75
Software Engineer,85,70,78,66,69,62,100
Government Officer,73,75,94,82,71,90,75
Game Developer,95,83,96,97,72,77,61
Lawyer,96,95,61,72,71,83,96
Construction Engineer,94,72,96,93,93,79,64
Teacher,92,69,69,60,90,88,95
Banker,85,74,65,76,100,95,68
Designer,65,90,68,99,74,82,86
Writer,64,81,95,87,86,91,80
Software Engineer,100,88,94,67,62,66,96
Teacher,76,64,64,60,75,92,61
Game Developer,97,76,91,76,89,60,85
Game Developer,85,64,90,94,68,97,61
Construction Engineer,86,91,96,60,91,73,88
Lawyer,71,81,99,74,74,82,67
Government Officer,80,94,97,83,84,77,79
Construction Engineer,91,76,96,77,99,64,83
Software Engineer,91,87,88,82,95,70,87
Software Engineer,100,86,81,100,66,98,97
Teacher,92,79,71,65,99,91,98
Banker,89,76,95,83,84,96,61
Accountant,93,92,92,76,49,93,75
Designer,70,73,70,67,96,86,89
Stock Investor,83,61,79,99,66,60,76
Software Engineer,85,96,87,63,69,69,81
Writer,77,87,65,91,71,90,90
Lawyer,95,89,96,89,60,99,93
Stock Investor,75,83,85,65,76,94,60
Software Engineer,91,79,89,74,79,74,61
Writer,77,94,97,77,63,98,98
Doctor,91,87,93,85,98,85,95
Scientist,83,98,100,93,100,77,76
Software Engineer,86,96,68,71,86,94,89
Doctor,86,88,89,89,98,89,96
Software Engineer,85,67,60,82,77,72,72
Writer,62,81,80,88,78,94,85
Lawyer,99,97,68,85,86,85,73
Software Engineer,85,97,88,61,80,80,84
Government Officer,85,68,89,64,79,66,66
Software Engineer,85,87,91,63,95,88,62
Stock Investor,99,86,90,100,96,77,60
Banker,84,92,63,91,89,92,76
Construction Engineer,85,72,87,72,68,85,78
Software Engineer,100,79,92,92,67,68,72
Banker,86,61,68,91,60,86,62
Accountant,76,82,76,71,70,89,76
Software Engineer,96,63,69,67,69,92,77
Software Engineer,100,77,75,74,80,94,74
Software Engineer,88,84,87,97,94,87,85
Software Engineer,96,76,98,89,93,85,75
Software Engineer,92,66,96,71,87,89,61
Doctor,87,93,99,100,97,92,90
Accountant,95,82,74,87,36,61,88
Banker,78,89,68,63,81,92,97
Accountant,95,78,93,85,48,68,75
Software Engineer,86,99,95,94,92,90,77
Writer,92,97,100,91,95,90,95
Teacher,69,69,84,100,69,77,87
Designer,91,62,75,60,82,91,96
Accountant,79,79,97,78,31,99,84
Software Engineer,93,96,80,64,91,68,71
Doctor,99,68,100,95,95,88,83
Banker,90,69,81,92,65,89,69
Artist,71,84,66,75,93,84,69
Lawyer,98,93,67,74,81,87,76
Scientist,94,99,83,94,93,95,93
Stock Investor,92,89,79,76,86,61,81
Software Engineer,100,96,74,61,87,94,60
Real Estate Developer,63,87,71,68,66,67,99
Software Engineer,89,83,89,91,94,93,69
Stock Investor,88,90,93,81,88,90,74
Real Estate Developer,98,87,67,97,62,60,79
Doctor,80,60,100,99,98,75,94
Construction Engineer,92,63,91,65,69,94,98
Artist,82,95,68,64,97,99,60
Stock Investor,84,74,74,75,99,99,85
Teacher,61,70,65,67,93,81,63
Software Engineer,99,87,98,76,65,94,67
Accountant,83,69,90,78,39,95,82
Designer,94,61,77,73,79,65,89
Software Engineer,90,96,73,89,93,87,96
Lawyer,94,82,81,90,76,97,86
Accountant,89,67,68,93,98,75,88
Doctor,88,98,87,85,96,77,96
Stock Investor,76,94,90,75,92,86,87
Designer,88,78,84,96,92,99,97
Software Engineer,88,76,80,72,100,69,71
Real Estate Developer,54,88,82,89,72,60,69
Banker,87,87,76,67,68,89,77
Artist,95,73,79,81,82,69,100
Designer,72,72,68,81,95,90,99
Real Estate Developer,95,76,70,89,88,87,62
Software Engineer,91,97,86,77,83,79,62
Lawyer,79,81,63,79,96,96,89
Doctor,80,71,94,92,92,60,78
Software Engineer,88,88,90,67,77,83,64
Construction Engineer,83,95,86,80,64,66,97
Doctor,84,84,80,97,87,97,91
Software Engineer,85,82,81,85,72,90,71
Software Engineer,91,85,96,83,74,87,74
Banker,83,71,94,60,63,93,67
Real Estate Developer,97,93,99,98,96,79,88
Real Estate Developer,63,68,92,73,66,69,87
Doctor,92,98,90,82,86,86,89
Lawyer,78,90,69,100,90,91,90
Stock Investor,89,60,93,79,72,76,85
Real Estate Developer,53,87,100,84,63,62,95
Real Estate Developer,93,77,71,62,94,69,72
Artist,97,88,67,72,83,87,62
Accountant,84,83,80,91,88,61,61
Teacher,83,61,76,75,62,79,94
Artist,85,63,83,83,69,94,80
Banker,100,96,97,64,76,77,61
Doctor,92,98,99,86,100,86,87
Writer,88,98,65,68,99,94,79
Lawyer,95,82,62,76,64,91,79
Stock Investor,76,81,84,80,80,84,70
Accountant,79,93,72,97,69,78,87
Software Engineer,93,70,84,68,71,85,70
Accountant,79,96,78,90,94,76,88
Stock Investor,98,99,72,100,94,77,84
Banker,91,79,78,95,86,89,100
Software Engineer,86,99,77,61,72,92,70
Government Officer,97,94,94,83,91,65,96
Game Developer,90,95,89,93,92,99,88
Software Engineer,90,91,62,82,76,70,64
Construction Engineer,82,92,95,61,84,81,82
Software Engineer,91,94,89,74,60,77,77
Lawyer,70,94,67,74,84,95,65
Doctor,85,96,99,94,95,92,95
Lawyer,82,85,72,69,63,99,68
Construction Engineer,83,79,92,69,85,71,95
Doctor,96,88,100,95,85,94,93
Software Engineer,85,87,78,72,91,88,93
Real Estate Developer,95,61,84,98,63,66,80
Software Engineer,97,92,87,61,75,62,94
Teacher,95,69,91,97,89,84,66
Banker,92,100,100,98,83,75,72
Banker,97,87,90,70,96,75,93
Doctor,97,96,93,94,91,96,87
Software Engineer,89,77,69,72,63,84,99
Scientist,77,76,90,95,94,99,94
Stock Investor,91,89,66,69,100,88,79
Game Developer,87,70,98,64,65,78,83
Software Engineer,99,69,85,91,77,88,75
Lawyer,98,88,76,72,92,81,89
Software Engineer,88,96,90,92,68,97,73
Construction Engineer,96,90,91,95,99,95,99
Accountant,81,95,99,65,56,79,98
Doctor,94,87,98,90,92,88,100
Lawyer,98,87,75,63,85,88,75
Designer,66,89,65,99,84,84,86
Doctor,94,99,97,94,85,97,97
Game Developer,83,90,93,89,64,63,82
Software Engineer,93,100,90,94,97,98,98
Government Officer,69,92,84,98,98,83,87
Software Engineer,94,71,63,73,66,90,91
Stock Investor,100,92,95,90,67,81,66
Lawyer,76,87,99,69,89,93,85
Artist,84,67,79,60,69,80,98
Software Engineer,95,61,68,75,64,76,66
Accountant,90,64,94,84,66,61,72
Software Engineer,87,83,75,73,92,91,71
Artist,87,82,88,100,73,96,75
Software Engineer,95,97,88,77,96,96,74
Construction Engineer,85,96,82,64,82,94,81
Government Officer,84,100,92,82,85,70,69
Game Developer,83,88,90,100,71,98,96
Banker,75,92,72,88,92,77,84
Government Officer,67,76,70,73,81,85,80
Artist,72,91,78,97,86,93,77
Government Officer,78,98,76,68,86,91,82
Doctor,85,87,92,96,92,90,88
Stock Investor,100,70,69,61,100,65,81
Scientist,93,75,83,99,100,91,74
Banker,89,91,85,69,76,92,94
Real Estate Developer,59,88,74,92,72,97,64
Lawyer,89,89,85,74,78,87,82
Software Engineer,86,63,78,78,80,67,97
Banker,79,65,91,65,61,88,95
Doctor,96,89,91,90,90,91,99
Doctor,95,90,85,90,96,89,96
Doctor,96,85,90,95,100,96,88
Stock Investor,86,70,73,85,67,91,98
Lawyer,80,93,93,94,81,81,78
Artist,79,97,100,94,65,62,76
Real Estate Developer,58,84,95,66,99,91,70
Accountant,86,73,83,93,46,91,70
Doctor,96,91,97,84,89,82,75
Lawyer,91,88,98,89,75,91,92
Artist,87,91,93,92,97,95,99
Lawyer,84,89,74,79,86,93,95
Lawyer,87,94,74,84,77,82,85
Accountant,82,79,64,75,93,82,60
Lawyer,77,80,88,84,84,92,82
Stock Investor,86,82,90,69,66,93,94
Real Estate Developer,81,84,76,88,84,89,87
Software Engineer,91,90,92,78,67,86,71
Writer,80,70,80,96,72,99,65
Software Engineer,93,85,89,93,90,91,88
Doctor,95,85,90,94,91,84,85
Doctor,86,93,89,90,100,86,93
Teacher,86,88,98,66,62,95,90
Artist,83,78,68,72,77,89,70
Lawyer,85,92,62,95,65,89,95
Artist,66,78,86,87,64,65,64
Accountant,93,80,60,62,43,68,67
Real Estate Developer,52,66,98,83,92,82,91
Banker,90,80,84,70,65,89,64
Artist,83,89,99,100,73,86,88
Artist,62,89,72,68,85,80,75
Writer,98,72,99,84,60,95,93
Game Developer,97,62,98,70,67,71,70
Artist,98,99,64,88,72,87,99
Stock Investor,85,77,89,77,84,71,71
Accountant,76,62,86,80,47,85,71
Lawyer,80,90,85,89,85,80,68
Software Engineer,89,64,72,61,75,68,83
Software Engineer,89,79,75,80,97,94,68
Software Engineer,86,89,94,95,60,90,90
Banker,77,95,77,84,60,90,89
Banker,88,85,68,62,64,99,66
Accountant,98,77,94,87,44,85,61
Lawyer,84,86,90,80,72,99,85
Software Engineer,91,85,66,83,70,71,80
Doctor,97,95,94,90,86,85,95
Banker,77,88,63,87,71,93,84
Doctor,100,84,93,96,97,70,95
Software Engineer,93,70,62,99,63,83,60
Banker,93,99,79,78,64,87,76
Banker,94,89,74,75,73,78,61
Banker,88,86,79,93,68,92,99
Construction Engineer,83,75,84,68,95,80,88
Lawyer,96,93,100,96,97,81,72
Accountant,87,88,93,88,96,85,94
Lawyer,95,82,84,69,63,85,69
Accountant,87,87,86,84,66,83,81
Real Estate Developer,64,70,98,82,100,72,78
Lawyer,77,96,86,84,90,85,91
Construction Engineer,100,89,90,96,72,90,86
Software Engineer,89,93,95,88,72,76,71
Software Engineer,97,74,76,72,62,69,90
Lawyer,81,88,85,89,81,91,98
Designer,80,65,96,73,84,92,73
Accountant,79,88,83,84,78,72,79
Software Engineer,96,64,100,87,88,60,62
Accountant,95,81,91,62,36,79,69
Lawyer,86,97,72,90,95,99,76
Accountant,94,87,100,90,86,86,90
Doctor,88,71,87,85,100,78,78
Artist,88,69,76,64,90,78,80
Construction Engineer,84,66,99,80,71,88,89
Software Engineer,96,77,91,85,69,91,91
Teacher,93,79,82,67,64,90,65
Construction Engineer,89,99,86,97,98,97,93
Construction Engineer,80,88,94,94,100,99,99
Banker,94,92,61,87,61,94,69
Construction Engineer,99,74,98,69,69,64,96
Banker,81,72,87,62,69,93,72
Writer,71,100,99,95,91,96,96
Software Engineer,93,69,79,78,77,73,77
Accountant,92,88,87,98,96,85,96
Banker,96,87,99,65,98,79,93
Artist,83,75,77,61,93,61,75
Teacher,78,84,79,96,76,71,71
Banker,82,74,84,74,86,81,100
Accountant,94,91,68,61,34,60,63
Doctor,93,73,97,89,88,63,70
Teacher,80,95,98,95,96,97,85
Government Officer,94,71,83,76,99,95,94
Writer,72,72,85,90,75,94,65
Software Engineer,98,89,75,68,87,69,96
Software Engineer,99,95,89,90,95,98,99
Stock Investor,97,67,86,95,65,91,76
Banker,89,63,73,83,74,91,83
Banker,76,87,63,92,93,87,88
Designer,100,68,80,75,85,82,85
Real Estate Developer,77,99,99,76,70,80,90
Software Engineer,85,86,84,81,92,84,93
Lawyer,70,83,63,86,97,88,79
Lawyer,76,83,90,68,96,94,87
Lawyer,75,82,89,65,85,89,81
Stock Investor,97,65,96,87,87,95,100
Stock Investor,84,69,68,92,86,67,73
Doctor,94,87,99,99,86,86,85
Designer,80,91,100,87,87,94,100
Software Engineer,87,98,79,87,92,80,93
Stock Investor,93,94,87,92,99,93,88
Game Developer,87,69,96,61,72,78,99
Software Engineer,96,73,91,71,72,74,76
Scientist,97,62,93,80,96,94,67
Artist,62,79,75,65,71,75,93
Software Engineer,85,100,90,93,94,97,98
Software Engineer,97,94,73,98,87,97,98
Software Engineer,93,67,65,61,61,96,65
Software Engineer,85,93,75,72,84,63,63
Designer,88,88,98,92,71,66,90
Artist,100,67,98,71,92,79,99
Software Engineer,93,74,88,92,77,89,96
Artist,70,63,73,97,63,61,90
Banker,82,67,94,88,86,89,98
Banker,94,74,74,89,67,93,96
Designer,67,69,75,94,98,80,74
Government Officer,89,75,64,81,66,82,92
Doctor,82,82,100,93,91,61,83
Software Engineer,96,79,93,92,92,71,87
Accountant,94,84,84,89,52,97,76
Construction Engineer,84,65,83,99,86,75,67
Software Engineer,87,98,97,70,80,67,82
Software Engineer,90,93,66,77,72,82,82
Scientist,86,81,91,83,97,83,80
Software Engineer,87,68,75,96,91,72,78
Accountant,79,81,68,70,60,65,71
Game Developer,100,100,94,83,62,92,71
Banker,77,64,69,60,92,76,74
Lawyer,83,84,96,96,79,80,81
Software Engineer,96,79,80,71,67,76,63
Software Engineer,91,61,61,85,64,76,88
Real Estate Developer,59,65,72,60,94,63,75
Doctor,89,90,91,95,87,92,96
Banker,81,92,68,93,69,78,89
Accountant,77,84,86,97,90,83,92
Teacher,91,63,78,93,76,76,90
Doctor,88,100,94,91,85,91,88
Doctor,94,88,99,92,98,85,95
Real Estate Developer,67,72,98,65,61,87,89
Lawyer,95,87,96,97,83,93,88
Government Officer,96,91,78,94,81,88,86
Banker,87,99,99,100,98,96,94
Banker,85,88,85,92,96,81,95
Government Officer,88,85,100,68,65,97,94
Teacher,67,100,77,85,73,95,86
Software Engineer,92,63,99,77,82,88,72
Accountant,76,75,60,77,71,70,88
Software Engineer,86,75,96,62,81,91,84
Software Engineer,94,94,86,62,73,90,75
Software Engineer,100,85,62,62,89,65,67
Lawyer,74,84,71,93,65,98,61
Scientist,99,96,100,95,90,95,88
Banker,81,71,76,95,99,85,71
Banker,95,88,62,85,82,94,73
Real Estate Developer,50,62,97,90,93,75,80
Software Engineer,98,84,90,83,84,61,99
Accountant,88,67,71,85,68,88,67
Software Engineer,87,99,92,85,62,69,67
Government Officer,73,74,94,76,97,86,85
Banker,88,82,90,94,99,78,65
Software Engineer,95,62,68,64,71,87,60
Artist,73,71,60,70,78,72,78
Designer,70,88,100,91,98,68,81
Construction Engineer,84,100,99,94,84,86,63
Doctor,88,60,87,90,87,86,62
Lawyer,71,92,60,73,74,86,94
Designer,76,77,99,87,95,94,85
Designer,78,95,66,70,75,99,84
Government Officer,73,97,87,93,78,99,86
Game Developer,96,63,85,77,82,65,88
Artist,92,65,95,60,93,69,82
Government Officer,99,69,71,84,96,84,69
Lawyer,97,100,87,90,96,86,93
Construction Engineer,80,87,94,68,89,82,76
Software Engineer,88,62,91,83,97,83,63
Software Engineer,90,81,69,70,95,97,62
Real Estate Developer,90,74,88,97,88,73,66
Software Engineer,94,90,81,82,100,82,98
Game Developer,86,66,88,98,68,79,77
Banker,84,85,83,69,82,91,69
Accountant,86,63,85,64,98,97,86
Accountant,87,94,72,93,44,92,83
Software Engineer,96,63,77,93,61,86,83
Real Estate Developer,59,100,64,68,86,89,91
Software Engineer,100,62,78,74,72,73,78
Scientist,92,81,84,84,84,66,74
Real Estate Developer,75,66,91,73,100,94,67
Software Engineer,93,74,63,97,64,61,92
Lawyer,100,96,67,63,91,96,84
Lawyer,100,92,66,96,76,88,77
Software Engineer,95,69,91,67,67,70,71
Software Engineer,96,73,90,84,64,75,62
Software Engineer,85,100,93,64,81,78,64
Accountant,76,86,68,83,82,67,69
Software Engineer,92,63,87,92,81,78,74
Government Officer,90,89,95,73,79,98,68
Doctor,90,89,92,93,97,92,100
Accountant,87,87,86,91,90,75,79
Real Estate Developer,93,96,70,92,65,90,84
Real Estate Developer,75,91,68,86,81,72,89
Software Engineer,96,100,99,82,79,95,89
Artist,63,75,68,63,63,73,79
Lawyer,85,90,89,98,100,97,95
Software Engineer,93,61,65,77,97,90,90
Software Engineer,97,81,65,70,62,96,75
Software Engineer,90,64,91,93,86,91,97
Software Engineer,85,74,68,68,75,78,95
Banker,82,87,98,73,74,89,66
Government Officer,95,96,66,68,90,91,99
Real Estate Developer,81,90,71,97,81,86,73
Teacher,62,69,99,95,73,79,83
Real Estate Developer,95,92,89,64,77,80,66
Designer,96,67,88,82,90,74,96
Stock Investor,87,80,84,65,91,84,65
Real Estate Developer,57,74,98,93,63,70,67
Stock Investor,100,84,73,96,97,85,63
Software Engineer,90,91,88,95,98,99,71
Banker,97,77,66,93,99,78,91
Banker,77,93,69,75,88,81,89
Teacher,82,61,79,84,73,95,85
Software Engineer,89,68,83,88,69,79,74
Lawyer,86,85,66,94,62,86,92
Scientist,92,74,95,97,87,78,68
Software Engineer,92,81,71,97,96,72,63
Lawyer,77,92,65,62,76,84,100
Software Engineer,90,62,87,63,77,71,68
Doctor,91,85,98,96,98,96,93
Software Engineer,88,72,96,97,71,60,61
Real Estate Developer,98,73,85,78,61,74,96
Teacher,66,64,82,82,72,96,100
Software Engineer,100,97,74,74,82,75,69
Software Engineer,98,86,82,72,79,93,94
Software Engineer,90,95,73,81,81,62,81
Software Engineer,90,77,86,91,76,78,62
Artist,68,67,65,68,63,97,63
Software Engineer,91,60,98,77,72,74,63
Designer,87,74,92,67,85,63,87
Software Engineer,91,90,88,92,75,98,91
Accountant,98,72,87,74,100,84,85
Banker,85,74,79,82,71,87,67
Accountant,76,75,76,67,60,77,100
Banker,89,76,84,93,64,86,95
Artist,76,73,74,73,81,87,84
Software Engineer,91,61,100,88,73,84,100
Real Estate Developer,93,88,76,73,67,88,76
Real Estate Developer,84,68,60,86,90,84,81
Lawyer,80,81,75,72,71,84,87
Doctor,93,84,85,94,95,74,83
Lawyer,92,82,63,61,66,84,98
Software Engineer,87,89,91,89,93,92,95
Banker,83,69,93,60,98,83,88
Stock Investor,95,75,87,67,96,86,85
Accountant,79,65,92,67,78,66,98
Game Developer,82,77,95,81,83,73,76
Banker,90,98,89,78,74,93,65
Accountant,100,68,62,76,72,94,89
Artist,98,85,75,66,73,88,85
Game Developer,80,84,94,63,62,72,68
Writer,89,91,96,100,95,93,86
Accountant,94,82,80,80,33,93,78
Doctor,89,89,100,96,96,85,92
Software Engineer,91,97,87,93,94,90,88
Construction Engineer,96,98,99,65,95,76,68
Banker,81,68,97,86,90,78,80
Software Engineer,87,89,61,66,72,90,61
Artist,100,95,60,89,77,89,67
Software Engineer,88,74,60,60,78,94,69
Software Engineer,86,64,100,76,99,77,86
Scientist,85,87,90,88,87,97,100
Software Engineer,93,95,80,88,83,62,65
Construction Engineer,87,62,84,96,69,98,64
Real Estate Developer,97,85,96,61,97,79,70
Scientist,86,67,98,86,86,83,89
Software Engineer,97,85,81,71,62,62,82
Software Engineer,86,64,96,84,86,96,92
Game Developer,95,87,87,84,95,84,65
Banker,90,100,76,76,84,79,84
Software Engineer,85,99,86,69,68,98,62
Doctor,94,90,95,85,98,91,96
Game Developer,81,71,83,63,80,79,83
Software Engineer,97,87,95,67,98,93,89
Accountant,100,79,72,98,87,76,76
Software Engineer,97,87,70,74,73,74,81
Real Estate Developer,65,83,67,84,89,65,73
Real Estate Developer,82,74,80,88,92,96,95
Software Engineer,93,90,73,94,81,84,74
Scientist,99,91,85,100,84,77,98
Construction Engineer,87,63,81,85,62,98,81
Real Estate Developer,59,73,90,74,95,77,81
Lawyer,81,98,71,92,74,93,63
Game Developer,80,92,85,81,94,75,72
Banker,89,66,72,77,79,95,92
Designer,93,70,80,67,77,80,91
Software Engineer,90,69,91,84,65,86,93
Accountant,81,91,73,72,49,81,72
Software Engineer,95,71,88,96,82,65,80
Game Developer,83,69,99,88,87,81,68
Artist,87,96,67,64,67,81,90
Construction Engineer,82,71,84,68,74,64,73
Accountant,97,87,65,90,66,84,75
Software Engineer,88,67,77,89,97,70,71
Banker,91,94,81,61,61,82,73
Banker,96,75,79,72,69,94,64
Accountant,75,64,76,65,44,80,91
Government Officer,94,84,85,63,67,89,66
Stock Investor,100,80,74,87,77,95,92
Accountant,94,97,61,67,77,88,70
Government Officer,78,78,100,87,98,80,98
Writer,68,81,72,76,93,94,97
Artist,93,78,98,76,86,89,92
Scientist,100,64,95,83,83,94,83
Lawyer,85,99,64,78,63,95,91
Doctor,80,93,82,89,94,95,70
Lawyer,97,80,60,98,86,83,75
Software Engineer,85,90,100,84,95,77,62
Banker,87,76,87,98,61,92,81
Banker,79,70,82,63,90,89,96
Government Officer,87,86,73,88,98,71,85
Lawyer,72,88,62,60,97,86,64
Doctor,89,99,93,99,87,89,98
Banker,93,84,86,82,62,87,84
Accountant,75,97,97,83,74,74,74
Banker,75,66,61,69,68,96,63
Lawyer,86,95,95,72,72,80,65
Lawyer,86,98,97,75,83,95,80
Software Engineer,99,95,88,68,91,62,75
Software Engineer,95,85,76,96,68,74,93
Software Engineer,92,72,61,93,86,97,79
Doctor,88,91,96,99,85,62,86
Banker,92,60,76,61,94,93,94
Scientist,85,90,98,92,89,88,95
Banker,99,77,82,60,88,91,93
Accountant,93,61,71,82,43,94,88
Stock Investor,89,97,65,75,61,60,60
Scientist,86,87,89,91,90,85,92
Real Estate Developer,71,96,83,76,60,87,74
Software Engineer,99,84,75,81,91,87,63
Stock Investor,99,78,74,95,72,65,91
Software Engineer,88,71,82,98,91,73,74
Lawyer,91,88,79,60,82,96,83
Lawyer,86,92,66,66,100,99,91
Software Engineer,86,84,98,67,76,75,65
Software Engineer,92,91,85,94,69,80,71
Banker,90,97,64,64,61,81,93
Accountant,98,69,61,62,82,87,64
Lawyer,72,93,68,62,83,98,67
Scientist,77,93,83,84,83,84,71
Lawyer,94,82,83,76,83,93,94
Banker,75,88,71,62,90,78,95
Software Engineer,91,91,66,97,62,89,82
Accountant,75,64,100,63,98,71,73
Accountant,93,79,86,72,89,61,98
Game Developer,86,81,80,85,62,86,69
Software Engineer,90,91,61,72,64,84,72
Scientist,92,78,96,91,82,98,100
Accountant,90,88,71,96,72,74,80
Lawyer,78,92,77,100,61,82,61
Software Engineer,86,62,81,63,75,92,95
Scientist,83,63,93,94,93,90,78
Teacher,69,85,70,79,68,81,89
Banker,83,81,96,96,62,82,77
Banker,84,63,98,70,92,78,93
Banker,89,71,77,88,66,80,87
Accountant,77,99,73,83,71,82,80
Construction Engineer,94,88,98,64,99,98,96
Teacher,93,64,81,74,96,94,98
Doctor,92,88,90,94,88,92,96
Real Estate Developer,73,87,92,99,84,91,71
Software Engineer,88,74,99,72,63,87,79
Banker,96,87,64,88,64,92,77
Doctor,89,96,85,91,100,91,91
Real Estate Developer,58,77,69,83,94,70,97
Doctor,95,98,97,94,88,99,96
Banker,76,69,86,72,71,79,63
Construction Engineer,87,89,91,76,77,97,61
Construction Engineer,90,86,99,94,100,89,85
Accountant,96,100,96,87,83,81,95
Banker,88,98,81,61,62,96,60
Game Developer,99,60,87,94,71,93,93
Teacher,86,99,64,88,84,95,97
Designer,96,61,85,87,83,80,79
Lawyer,87,99,70,81,62,90,91
Software Engineer,89,90,96,97,87,84,63
Writer,77,98,67,67,80,90,66
Accountant,88,93,91,92,53,65,88
Real Estate Developer,56,75,78,82,98,99,81
Accountant,94,79,64,79,96,98,93
Stock Investor,96,83,64,84,98,79,99
Banker,97,66,76,80,81,82,64
Game Developer,86,76,92,86,75,67,79
Doctor,94,74,95,82,100,63,97
Software Engineer,88,83,94,80,97,95,78
Stock Investor,85,82,88,62,71,71,75
Software Engineer,99,98,80,83,89,68,61
Teacher,67,64,99,84,100,81,78
Banker,84,94,60,83,97,75,97
Artist,72,62,96,95,97,71,83
Designer,74,88,99,92,93,85,81
Lawyer,91,92,64,69,82,94,61
Accountant,77,66,94,77,49,83,64
Government Officer,87,90,91,60,95,67,62
Artist,62,100,91,75,99,76,78
Real Estate Developer,100,85,81,91,75,64,83
Game Developer,94,65,100,77,66,96,68
Artist,98,80,66,94,86,72,86
Construction Engineer,94,81,88,81,71,92,73
Game Developer,92,69,93,67,79,84,69
Doctor,99,98,94,96,95,88,92
Teacher,70,68,89,60,79,85,66
Government Officer,92,93,86,61,78,80,62
Banker,82,70,86,66,97,93,91
Construction Engineer,83,73,82,62,92,68,76
Stock Investor,84,85,64,74,79,92,64
Doctor,96,92,93,91,88,90,88
Stock Investor,97,63,61,77,74,94,61
Real Estate Developer,68,95,62,65,70,65,64
Construction Engineer,82,85,94,75,97,98,76
Software Engineer,85,78,99,81,60,83,75
Accountant,87,86,89,94,93,91,88
Real Estate Developer,91,94,75,86,84,67,97
Doctor,100,90,89,91,86,75,72
Real Estate Developer,50,60,70,75,100,62,100
Designer,75,92,70,62,87,87,98
Stock Investor,86,62,81,63,92,75,79
Banker,80,66,67,72,78,99,67
Game Developer,91,72,85,78,92,82,85
Construction Engineer,94,65,90,79,97,76,75
Construction Engineer,81,82,99,86,88,60,89
Accountant,94,82,91,94,100,99,69
Doctor,99,89,93,87,86,90,96
Lawyer,88,83,62,88,100,83,84
Real Estate Developer,79,74,68,82,65,73,89
Government Officer,97,99,67,87,66,68,67
Construction Engineer,96,70,82,71,99,90,65
Stock Investor,89,71,75,65,74,93,90
Software Engineer,94,90,77,65,83,79,96
Real Estate Developer,68,94,92,77,79,88,74
Real Estate Developer,58,66,99,98,69,65,78
Banker,92,77,75,84,74,82,78
Stock Investor,90,78,86,83,98,71,84
Doctor,84,67,89,96,88,60,88
Teacher,87,89,94,82,81,98,88
Writer,76,83,100,96,65,98,97
Government Officer,60,66,65,90,61,96,74
Lawyer,99,81,80,89,75,83,93
Accountant,92,90,92,78,59,68,96
Lawyer,100,94,76,60,95,90,66
Doctor,89,67,98,94,89,60,95
Banker,94,66,68,94,62,76,77
Real Estate Developer,89,64,78,85,68,84,99
Teacher,95,82,70,81,94,93,69
Lawyer,94,91,98,94,88,97,94
Accountant,85,80,84,96,45,84,90
Accountant,94,98,74,94,35,95,80
Teacher,95,88,85,66,70,72,97
Software Engineer,97,82,100,69,64,73,88
Designer,100,83,67,77,88,76,84
Doctor,99,65,97,89,87,72,86
Designer,97,67,79,76,76,66,97
Designer,99,89,88,94,99,89,92
Accountant,79,83,78,89,83,79,76
Software Engineer,97,73,92,64,66,96,65
Accountant,87,70,65,64,30,72,68
Stock Investor,82,82,87,92,64,70,72
Doctor,94,98,96,88,96,61,80
Software Engineer,99,85,97,72,79,92,82
Teacher,68,83,74,87,71,86,82
Banker,92,65,81,79,84,85,74
Writer,69,77,82,93,92,90,71
Software Engineer,92,98,61,99,77,72,75
Accountant,90,64,90,75,64,96,71
Stock Investor,91,92,73,97,61,63,71
Artist,65,67,91,81,97,99,75
Software Engineer,98,80,70,60,88,65,92
Software Engineer,97,97,90,69,75,68,70
Accountant,80,71,89,81,75,81,63
Writer,70,75,79,77,65,92,78
Doctor,96,79,92,85,95,69,65
Software Engineer,99,62,65,67,97,73,96
Stock Investor,86,68,98,87,61,78,96
Construction Engineer,98,100,100,81,73,75,99
Government Officer,88,74,88,92,83,71,89
Software Engineer,89,65,71,96,65,63,100
Lawyer,88,100,89,87,76,89,85
Doctor,87,85,96,98,88,99,92
Software Engineer,90,76,64,88,80,75,70
Accountant,88,67,90,89,49,85,63
Game Developer,99,72,90,83,90,99,97
Government Officer,98,90,70,97,69,79,74
Game Developer,91,66,91,62,82,69,62
Banker,79,100,79,60,100,84,93
Banker,77,66,61,98,90,95,73
Banker,89,100,90,81,86,80,92
Real Estate Developer,94,69,80,66,62,61,88
Artist,80,85,85,60,77,90,81
Artist,79,88,97,94,89,82,97
Banker,92,65,88,78,67,95,96
Banker,85,62,92,89,92,75,78
Accountant,75,83,66,70,57,77,96
Software Engineer,88,65,75,73,66,98,81
Banker,93,89,88,86,85,89,95
Game Developer,86,93,91,64,69,71,64
Government Officer,62,91,92,61,85,98,72
Stock Investor,82,74,80,60,96,76,99
Artist,83,94,77,97,78,60,85
Real Estate Developer,98,75,62,64,68,80,79
Banker,84,74,90,99,90,92,72
Writer,91,75,82,68,88,98,88
Construction Engineer,83,81,96,62,66,90,91
Accountant,83,63,84,82,78,60,71
Software Engineer,90,72,62,84,74,75,100
Lawyer,81,92,97,73,90,90,60
Teacher,89,67,87,61,91,80,76
Construction Engineer,97,65,96,92,91,66,74
Accountant,97,88,88,79,100,74,83
Software Engineer,100,89,98,81,78,91,87
Game Developer,98,63,82,61,79,70,86
Software Engineer,97,98,83,87,60,78,70
Accountant,78,80,73,91,34,73,60
Lawyer,100,92,67,89,90,83,89
Writer,92,77,89,97,61,93,82
Game Developer,81,95,84,85,82,62,63
Software Engineer,98,67,74,94,94,96,85
Accountant,95,88,85,86,76,78,81
Banker,87,90,80,88,71,95,81
Accountant,85,85,67,91,75,93,81
Banker,96,72,66,80,72,83,98
Accountant,83,63,66,67,60,60,61
Construction Engineer,89,92,88,99,92,62,71
Construction Engineer,90,73,98,72,69,84,86
Banker,99,72,74,88,90,81,95
Government Officer,62,67,96,67,82,65,73
Game Developer,92,63,100,97,91,87,68
Lawyer,94,89,96,98,61,95,67
Banker,89,99,89,71,74,94,78
Construction Engineer,90,100,98,95,97,74,63
Accountant,82,93,67,79,84,90,64
Teacher,80,62,66,88,75,98,68
Software Engineer,87,90,92,62,96,77,80
Software Engineer,91,98,60,88,63,78,95
Lawyer,100,94,94,87,65,83,95
Stock Investor,84,86,96,95,75,61,99
Lawyer,86,86,64,61,97,97,91
Software Engineer,99,78,61,64,75,66,76
Accountant,95,79,95,62,69,82,94
Artist,65,67,90,99,93,91,99
Doctor,99,82,81,98,86,85,85
Artist,88,62,65,98,92,64,82
Software Engineer,100,87,88,100,89,98,71
Teacher,60,61,71,60,69,91,84
Stock Investor,96,76,74,92,96,74,99
Real Estate Developer,58,81,100,97,74,90,87
Teacher,90,67,73,82,66,75,90
Accountant,75,80,65,80,55,86,95
Banker,76,82,74,79,81,93,72
Software Engineer,91,98,93,93,88,96,97
Doctor,85,72,80,85,94,96,87
Accountant,81,84,69,99,55,68,73
Doctor,86,71,86,93,99,92,77
Lawyer,94,85,78,66,95,87,95
Writer,83,96,72,81,86,93,75
Software Engineer,95,92,73,94,73,70,94
Software Engineer,88,68,81,68,73,61,93
Stock Investor,90,73,78,72,63,88,72
Construction Engineer,100,60,87,60,86,93,75
Designer,76,76,92,86,79,85,78
Artist,73,73,81,78,82,85,66
Banker,96,95,67,88,68,93,75
Writer,85,87,99,65,66,95,77
Software Engineer,91,93,62,63,100,85,85
Designer,79,69,78,78,99,61,87
Software Engineer,99,75,79,87,63,90,90
Scientist,81,64,81,92,87,84,95
Teacher,91,87,71,98,93,83,81
Software Engineer,91,84,95,97,88,70,77
Software Engineer,100,79,77,61,79,70,69
Artist,60,69,80,87,100,93,92
Software Engineer,90,95,68,75,71,68,95
Banker,94,88,78,99,65,76,68
Software Engineer,90,79,64,93,81,63,76
Banker,78,89,83,80,67,90,93
Banker,97,84,70,90,97,95,87
Stock Investor,84,98,71,62,89,86,67
Software Engineer,89,88,86,77,87,88,78
Construction Engineer,99,93,98,74,87,88,78
Doctor,85,96,98,85,95,96,97
Game Developer,89,78,89,91,76,96,81
Software Engineer,97,92,64,93,60,63,90
Construction Engineer,86,100,86,96,73,60,77
Lawyer,72,86,69,81,67,98,72
Artist,63,78,97,67,72,64,67
Software Engineer,99,78,92,65,90,96,96
Banker,81,85,64,61,86,80,83
Lawyer,72,80,84,91,96,93,74
Teacher,94,98,65,98,78,96,86
Real Estate Developer,58,71,73,65,63,85,64
Doctor,89,76,100,100,99,68,79
Doctor,96,73,80,99,91,82,91
Software Engineer,93,65,81,94,92,60,100
Stock Investor,93,63,69,97,64,82,83
Accountant,92,66,77,96,92,62,90
Software Engineer,99,99,69,92,95,79,81
Designer,99,96,99,91,94,92,99
Doctor,86,78,81,87,99,71,97
Software Engineer,89,93,71,84,63,61,76
Game Developer,96,64,85,86,93,92,65
Software Engineer,90,73,71,68,74,87,66
Teacher,98,65,66,87,78,84,91
Lawyer,85,87,85,69,80,99,93
Software Engineer,85,96,100,75,63,87,89
Banker,89,94,92,98,92,92,99
Banker,93,97,93,66,83,88,79
Software Engineer,96,91,95,88,89,85,92
Designer,84,64,98,100,89,79,96
Banker,76,97,99,83,74,94,99
Banker,80,78,71,69,76,97,77
Real Estate Developer,63,77,89,79,79,60,81
Construction Engineer,90,86,100,90,76,66,83
Banker,85,93,85,91,86,94,89
Designer,74,90,90,80,91,92,100
Lawyer,83,89,95,70,95,80,70
Software Engineer,87,96,79,79,74,86,85
Banker,90,77,84,70,77,86,70
Real Estate Developer,73,71,95,63,62,85,99
Teacher,79,78,100,90,89,80,68
Real Estate Developer,62,84,74,74,66,61,90
Software Engineer,87,78,96,84,97,89,82
Accountant,81,83,79,94,37,84,71
Artist,75,69,97,98,60,60,85
Construction Engineer,94,61,81,64,75,72,61
Government Officer,91,68,62,82,70,92,73
Lawyer,96,88,68,95,67,95,75
Software Engineer,85,76,82,85,73,60,90
Lawyer,71,93,90,89,69,94,79
Doctor,98,90,87,92,92,99,98
Accountant,99,82,69,84,79,88,67
Designer,71,70,87,62,92,63,80
Government Officer,74,76,81,69,98,96,65
Banker,93,60,71,63,75,76,77
Lawyer,89,90,99,91,94,96,85
Stock Investor,80,96,79,95,74,95,61
Software Engineer,97,93,67,85,90,72,96
Doctor,87,86,87,91,86,96,92
Teacher,77,87,83,81,60,92,76
Teacher,89,75,65,100,74,71,75
Software Engineer,86,79,69,60,76,76,92
Real Estate Developer,82,86,91,68,80,62,81
Artist,79,100,75,85,100,81,64
Construction Engineer,89,70,92,100,100,95,65
Teacher,77,73,67,67,88,89,99
Banker,95,79,85,73,74,86,68
Software Engineer,98,85,95,92,74,79,63
Software Engineer,89,84,84,100,77,62,69
Doctor,86,75,97,93,88,74,97
Software Engineer,99,77,60,99,100,83,72
Software Engineer,96,92,80,61,66,98,70
Lawyer,90,84,90,81,92,83,69
Doctor,100,82,84,100,90,62,87
Stock Investor,94,63,98,73,63,98,100
Banker,85,76,94,89,85,83,80
Lawyer,80,84,82,69,91,80,96
Software Engineer,99,61,91,73,89,62,82
Writer,70,91,81,61,64,93,96
Designer,62,72,78,96,70,74,72
Software Engineer,94,97,73,79,84,66,64
Real Estate Developer,79,93,100,83,78,80,87
Banker,100,73,70,71,73,96,67
Banker,90,69,75,98,70,75,80
Teacher,63,94,65,98,69,90,85
Software Engineer,95,94,69,73,71,93,71
Construction Engineer,87,86,95,92,91,79,64
Real Estate Developer,89,100,81,62,75,68,71
Stock Investor,89,65,82,77,90,76,84
Lawyer,90,100,89,69,100,95,94
Teacher,99,75,71,90,92,78,69
Software Engineer,91,75,77,95,80,95,88
Accountant,75,99,60,90,51,77,84
Software Engineer,90,64,79,66,96,61,81
Software Engineer,93,74,80,79,70,66,91
Accountant,93,74,96,69,71,82,76
Software Engineer,92,74,90,87,89,94,87
Game Developer,86,60,91,82,73,77,64
Artist,91,87,84,91,96,88,82
Scientist,76,66,96,86,85,62,68
Artist,63,86,72,72,90,75,92
Software Engineer,94,61,72,70,87,82,76
Banker,83,69,66,95,93,77,77
Doctor,99,89,96,98,89,98,93
Banker,76,85,62,65,79,81,61
Software Engineer,87,74,81,65,74,91,82
Lawyer,87,87,69,71,74,91,74
Government Officer,93,68,61,78,80,65,77
Game Developer,96,64,91,69,60,62,62
Construction Engineer,99,88,88,90,82,88,90
Stock Investor,100,67,100,60,94,72,70
Software Engineer,88,73,86,75,65,62,83
Accountant,88,99,64,79,52,75,92
Stock Investor,99,88,97,97,71,67,79
Banker,89,86,96,92,97,89,95
Designer,93,97,77,70,81,83,87
Software Engineer,96,83,67,86,81,92,73
Software Engineer,92,98,93,60,74,84,97
Software Engineer,99,72,65,66,71,85,83
Software Engineer,91,92,95,90,73,75,95
Banker,95,91,74,61,94,86,87
Government Officer,61,94,87,74,92,79,97
Writer,65,89,70,71,74,97,64
Game Developer,94,97,97,75,79,68,92
Designer,94,68,89,90,91,98,72
Software Engineer,89,63,88,73,78,84,74
Real Estate Developer,65,70,100,66,71,61,61
Stock Investor,91,96,63,81,97,74,66
Banker,88,100,71,85,72,91,81
Writer,73,94,74,72,80,98,100
Software Engineer,94,94,74,66,73,92,80
Construction Engineer,97,91,91,61,68,77,97
Doctor,96,97,98,98,97,96,89
Banker,97,64,90,69,88,83,77
Banker,77,93,65,68,71,75,76
Accountant,89,99,96,72,84,62,98
Software Engineer,86,92,65,81,73,84,79
Teacher,61,75,95,62,93,92,87
Doctor,90,99,94,91,92,85,64
Game Developer,88,60,87,95,65,75,76
Doctor,86,92,84,82,88,84,65
Banker,78,75,82,91,86,76,69
Scientist,98,82,91,93,85,75,78
Scientist,81,79,100,88,81,64,95
Lawyer,84,95,87,100,96,92,76
Lawyer,81,90,82,80,98,81,91
Banker,100,77,90,83,88,91,80
Accountant,87,75,90,82,99,66,92
Designer,96,94,60,62,86,79,79
Software Engineer,98,76,69,75,76,98,81
Game Developer,83,66,97,95,91,76,80
Designer,82,67,88,62,73,64,79
Designer,82,98,78,63,83,91,94
Real Estate Developer,100,80,88,81,93,93,84
Banker,93,92,71,89,91,76,61
Lawyer,86,86,100,86,94,87,85
Software Engineer,91,69,82,87,100,93,100
Artist,73,100,78,77,71,61,66
Game Developer,99,66,81,69,82,73,72
Game Developer,88,82,99,65,83,65,98
Lawyer,100,82,85,68,97,81,100
Banker,99,61,76,95,79,78,66
Banker,81,99,85,72,67,78,69
Doctor,90,86,98,97,99,96,85
Real Estate Developer,68,91,78,63,90,95,80
Doctor,93,90,93,89,92,93,100
Construction Engineer,94,95,80,60,89,93,88
Banker,75,93,66,63,68,91,99
Doctor,99,89,87,90,87,90,95
Accountant,93,64,86,82,35,73,84
Lawyer,73,95,78,79,84,89,96
Real Estate Developer,64,61,76,100,93,61,65
Lawyer,76,87,98,88,94,86,64
Stock Investor,91,93,82,81,95,91,70
Doctor,90,92,95,85,93,69,65
Accountant,96,64,76,97,81,87,99
Software Engineer,93,75,84,66,74,99,66
Doctor,90,90,93,87,93,99,100
Software Engineer,89,90,72,98,96,84,87
Software Engineer,86,99,90,61,66,96,87
Artist,80,61,89,98,73,90,88
Software Engineer,93,77,85,95,60,99,67
Software Engineer,87,91,86,96,65,77,83
Stock Investor,86,88,96,86,87,99,80
Software Engineer,87,80,97,98,91,64,97
Lawyer,96,83,97,100,85,92,69
Lawyer,90,89,70,90,83,82,87
Doctor,99,100,87,96,93,92,88
Real Estate Developer,55,81,72,100,87,85,94
Government Officer,86,87,64,74,60,89,84
Software Engineer,89,65,60,70,86,62,74
Software Engineer,94,97,90,93,85,95,92
Game Developer,85,61,100,75,70,89,80
Banker,75,67,64,80,79,77,80
Construction Engineer,82,61,89,88,74,78,72
Lawyer,81,94,61,86,72,97,82
Banker,77,90,74,65,100,76,80
Software Engineer,97,97,70,94,66,83,66
Doctor,91,96,96,90,97,85,98
Accountant,76,84,95,66,84,74,64
Software Engineer,97,93,60,90,85,72,83
Lawyer,83,94,93,62,92,98,94
Real Estate Developer,98,83,93,73,100,82,81
Doctor,91,88,88,91,85,95,88
Government Officer,82,84,93,89,88,76,98
Lawyer,77,86,62,85,72,98,90
Software Engineer,95,98,76,61,87,72,100
Writer,80,76,71,62,92,99,77
Software Engineer,89,79,97,61,64,79,72
Government Officer,69,87,91,82,86,77,80
Doctor,85,97,95,97,98,84,94
Banker,79,100,72,89,68,99,76
Teacher,85,76,63,62,74,82,96
Government Officer,78,69,87,93,83,94,75
Stock Investor,93,86,61,71,98,79,87
Banker,94,76,100,60,80,94,61
Banker,95,83,94,83,75,99,75
Real Estate Developer,81,67,93,65,87,84,79
Accountant,87,100,60,99,45,73,86
Stock Investor,82,79,60,80,65,64,71
Artist,81,97,88,81,63,88,67
Software Engineer,99,70,86,61,70,90,66
Real Estate Developer,87,77,64,84,84,94,80
Lawyer,97,89,76,61,91,91,70
Designer,83,81,70,90,73,89,87
Construction Engineer,92,92,92,66,90,68,66
Doctor,100,74,80,84,85,82,74
Software Engineer,86,69,79,85,63,82,77
Artist,90,96,89,88,94,73,77
Stock Investor,85,66,61,85,75,94,76
Designer,82,73,64,95,87,73,99
Game Developer,80,61,96,89,96,61,80
Doctor,99,93,88,92,99,94,95
Lawyer,95,95,92,61,63,81,100
Doctor,91,92,81,98,88,76,99
Banker,98,75,69,65,67,79,72
Construction Engineer,90,71,93,73,80,78,69
Software Engineer,85,68,73,94,88,86,77
Doctor,100,97,94,87,89,91,100
Scientist,77,81,80,95,80,74,80
Accountant,79,74,78,97,87,85,79
Designer,85,89,72,80,99,94,90
Artist,99,85,60,81,75,78,78
Banker,99,91,73,77,81,75,90
Software Engineer,94,83,72,63,65,63,74
Software Engineer,85,76,61,93,98,87,67
Lawyer,87,82,74,77,100,93,65
Scientist,85,60,92,92,85,62,84
Software Engineer,91,69,90,76,79,80,82
Software Engineer,86,96,83,78,71,78,75
Lawyer,78,80,72,65,90,99,95
Lawyer,71,92,92,96,81,81,85
Lawyer,72,85,92,83,84,96,81
Software Engineer,88,92,88,100,89,94,87
Doctor,81,75,94,93,87,77,67
Banker,92,69,92,91,82,89,69
Accountant,84,64,82,81,85,84,89
Stock Investor,89,60,82,90,96,67,68
Software Engineer,94,66,84,92,71,81,99
Stock Investor,81,88,85,90,93,62,96
Teacher,80,93,89,79,89,93,100
Lawyer,87,90,98,90,83,94,84
Government Officer,60,90,87,91,78,77,82
Real Estate Developer,91,70,88,68,88,63,68
Scientist,95,97,89,97,99,85,92
Artist,70,100,92,73,67,68,76
Lawyer,76,100,94,81,60,85,73
Accountant,79,65,78,65,57,99,92
Software Engineer,92,96,92,63,73,60,81
Government Officer,89,73,71,97,78,99,60
Banker,85,95,77,71,75,95,94
Real Estate Developer,92,66,88,91,61,84,69
Software Engineer,87,63,79,81,95,75,64
Accountant,77,77,97,66,87,73,75
Lawyer,91,85,81,93,100,87,77
Software Engineer,86,70,94,96,74,67,60
Banker,81,77,88,92,65,92,87
Lawyer,98,88,88,89,90,90,90
Software Engineer,88,67,96,70,66,76,71
Scientist,85,83,94,100,89,68,89
Lawyer,90,89,96,94,100,88,85
Game Developer,97,83,93,67,85,63,66
Government Officer,78,84,71,93,78,78,87
Lawyer,97,88,94,75,66,91,64
Construction Engineer,98,67,80,68,80,88,85
Software Engineer,92,92,74,96,95,77,76
Doctor,86,99,87,88,99,89,86
Designer,91,69,97,76,97,81,86
Accountant,92,75,100,78,32,84,69
Game Developer,82,75,93,67,69,65,74
Lawyer,99,81,92,86,65,99,79
Software Engineer,95,90,65,84,86,88,94
Software Engineer,100,93,99,65,72,79,88
Doctor,93,81,88,90,89,95,81
Software Engineer,95,75,79,79,93,85,71
Banker,81,92,76,81,73,92,63
Designer,75,88,63,64,84,74,72
Stock Investor,80,69,70,60,71,60,89
Doctor,95,94,82,87,93,93,90
Accountant,99,70,97,93,87,90,88
Software Engineer,85,87,68,74,74,85,68
Construction Engineer,96,89,86,84,64,60,66
Game Developer,91,63,86,81,90,98,63
Software Engineer,89,82,76,92,97,66,60
Doctor,98,87,96,89,100,85,91
Real Estate Developer,74,63,74,63,78,90,83
Doctor,85,99,87,85,91,88,90
Doctor,91,71,99,96,85,79,74
Software Engineer,90,76,100,73,90,64,86
Scientist,91,91,92,95,98,91,85
Doctor,95,89,92,87,95,86,93
Construction Engineer,87,80,85,60,96,81,83
Software Engineer,100,75,72,79,61,94,82
Government Officer,93,99,72,79,83,87,73
Doctor,99,70,89,86,92,65,64
Banker,99,99,90,63,63,77,60
Stock Investor,76,80,89,74,61,86,93
Software Engineer,92,100,83,74,73,66,83
Doctor,100,93,88,98,99,89,95
Lawyer,89,97,77,90,93,87,90
Lawyer,97,81,71,77,90,86,80
Doctor,99,63,97,90,99,99,100
Scientist,100,63,96,95,92,76,88
Banker,86,87,72,66,94,78,94
Lawyer,77,99,94,81,80,87,98
Government Officer,86,96,67,76,74,66,69
Real Estate Developer,75,64,98,65,88,65,71
Lawyer,94,93,92,67,61,85,94
Designer,94,88,87,97,93,86,94
Banker,89,92,75,85,65,81,69
Writer,89,73,96,84,96,98,77
Software Engineer,89,82,83,62,66,86,90
Government Officer,81,78,82,83,63,85,75
Banker,78,66,92,61,98,76,99
Accountant,83,60,95,68,33,62,73
Stock Investor,86,95,61,96,89,99,84
Artist,87,78,74,75,95,69,99
Lawyer,81,82,69,94,88,95,84
Government Officer,83,73,83,66,93,68,89
Banker,81,85,91,94,97,93,65
Designer,65,95,89,96,78,85,80
Lawyer,83,91,76,71,82,82,79
Doctor,98,79,87,86,98,85,85
Doctor,83,84,91,84,85,91,92
Software Engineer,85,60,85,76,90,75,93
Government Officer,86,82,60,65,83,69,78
Government Officer,83,87,87,80,81,79,98
Real Estate Developer,91,66,91,62,70,87,90
Lawyer,73,85,80,64,69,95,64
Banker,97,95,91,97,96,90,67
Government Officer,91,97,72,62,86,78,72
Banker,91,65,75,60,93,79,82
Writer,81,72,87,84,97,94,89
Software Engineer,92,99,100,64,100,65,99
Construction Engineer,83,60,80,92,84,60,70
Real Estate Developer,80,88,94,60,65,63,91
Accountant,87,81,69,82,70,62,66
Scientist,88,61,95,91,99,64,90
Banker,87,93,88,97,91,88,88
Doctor,89,95,97,99,87,90,91
Real Estate Developer,53,97,81,86,71,87,78
Scientist,92,88,99,92,89,66,76
Banker,85,84,66,66,78,98,69
Software Engineer,89,67,93,83,65,94,67
Lawyer,90,96,95,80,93,95,67
Teacher,84,93,74,76,95,90,64
Lawyer,88,81,73,70,60,95,68
Teacher,86,63,82,61,96,98,83
Software Engineer,94,62,66,95,66,64,62
Artist,64,69,79,89,72,64,82
Game Developer,99,97,87,93,79,83,94
Software Engineer,89,87,81,67,93,98,68
Designer,83,79,87,66,78,93,82
Accountant,79,90,82,92,70,60,80
Accountant,97,73,64,95,71,68,78
Accountant,100,68,85,85,62,63,92
Teacher,70,99,60,79,71,79,75
Teacher,67,80,86,98,83,82,76
Real Estate Developer,71,95,72,88,89,78,67
Banker,87,64,68,60,81,75,67
Game Developer,80,79,94,74,83,83,61
Software Engineer,94,80,72,90,60,78,94
Real Estate Developer,83,91,82,93,71,80,85
Doctor,94,100,95,92,95,88,88
Software Engineer,99,75,87,76,95,99,67
Doctor,82,98,100,100,100,64,87
Software Engineer,95,82,100,60,77,95,80
Software Engineer,90,90,82,64,75,82,93
Accountant,91,100,98,96,66,87,65
Writer,72,100,78,100,98,92,97
Banker,79,87,98,87,99,94,88
Construction Engineer,85,90,96,95,95,88,90
Lawyer,100,87,85,90,92,99,94
Banker,96,70,65,63,97,97,98
Banker,85,96,71,67,98,92,91
Software Engineer,90,82,98,61,92,67,80
Banker,94,96,94,99,67,98,67
Construction Engineer,98,85,100,94,93,92,94
Artist,63,97,80,84,90,63,64
Lawyer,72,95,71,74,84,97,66
Software Engineer,94,90,79,69,100,72,98
Banker,99,84,94,76,62,79,67
Teacher,61,100,85,99,65,79,86
Teacher,68,95,76,97,91,78,71
Government Officer,66,94,67,79,64,89,75
Software Engineer,100,95,72,77,66,68,76
Government Officer,74,86,70,94,71,70,63
Artist,96,66,76,71,94,72,86
Software Engineer,90,92,95,88,88,85,92
Accountant,92,86,61,78,56,68,85
Doctor,99,78,99,88,96,96,90
Accountant,98,88,81,65,59,84,87
Software Engineer,96,96,80,93,82,65,70
Stock Investor,80,98,99,90,64,86,93
Software Engineer,91,79,70,94,77,83,81
Banker,83,70,72,65,63,88,94
Lawyer,89,89,69,87,69,97,79
Game Developer,81,73,99,72,100,90,64
Writer,97,85,86,99,96,90,88
Real Estate Developer,93,91,61,68,83,82,63
Game Developer,99,86,83,80,69,96,88
Software Engineer,95,97,68,79,63,88,63
Doctor,100,92,87,94,85,97,100
Artist,62,67,85,97,98,62,73
Game Developer,88,71,99,74,76,97,87
Teacher,75,100,100,82,63,84,82
Game Developer,87,91,97,82,79,69,62
Doctor,88,98,94,96,96,89,92
Doctor,86,93,91,94,93,88,86
Government Officer,68,65,95,88,62,87,62
Software Engineer,95,91,64,65,60,84,99
Real Estate Developer,72,82,76,69,67,92,87
Accountant,99,87,67,91,36,76,64
Banker,75,88,71,80,65,85,60
Scientist,77,80,86,87,98,98,88
Software Engineer,95,97,84,97,75,92,92
Banker,77,97,88,89,74,95,64
Designer,90,74,92,67,83,73,89
Lawyer,87,86,83,80,90,90,61
Lawyer,80,81,96,92,100,91,87
Software Engineer,98,72,64,68,76,84,72
Teacher,83,91,69,74,98,86,76
Banker,92,77,91,79,98,77,87
Banker,79,68,64,68,97,78,84
Government Officer,72,81,89,92,88,87,82
Doctor,89,74,94,87,92,82,79
Designer,97,91,61,75,95,61,89
Stock Investor,77,86,97,85,77,88,93
Software Engineer,98,63,64,82,64,96,79
Lawyer,88,96,79,70,95,90,99
Banker,79,83,76,99,100,84,71
Doctor,92,92,91,95,88,94,93
Accountant,76,62,90,82,93,71,61
Construction Engineer,83,77,84,73,75,84,82
Software Engineer,89,65,73,80,87,67,73
Software Engineer,97,85,63,93,68,94,78
Accountant,82,99,91,69,83,93,100
